Sales Person,Country,Product,Date,Amount,Boxes Shipped
Jehu Rudeforth,UK,Mint Chip Choco,4-Jan-22,5320,180
Van Tuxwell,India,85% Dark Bars,1-Aug-22,7896,94
Gigi Bohling,India,Peanut Butter Cubes,7-Jul-22,4501,91
Jan Morforth,Australia,Peanut Butter Cubes,27-Apr-22,12726,342
Jehu Rudeforth,UK,Peanut Butter Cubes,24-Feb-22,13685,184
Van Tuxwell,India,Smooth Sliky Salty,6-Jun-22,5376,38
Oby Sorrel,UK,99% Dark & Pure,25-Jan-22,13685,176
Gunar Cockshoot,Australia,After Nines,24-Mar-22,3080,73
Jehu Rudeforth,New Zealand,50% Dark Bites,20-Apr-22,3990,59
Brien Boise,Australia,99% Dark & Pure,4-Jul-22,2835,102
Rafaelita Blaksland,UK,Smooth Sliky Salty,13-Jan-22,4704,62
Barr Faughny,USA,Orange Choco,10-Mar-22,3703,11
Mallorie Waber,Canada,Eclairs,13-Jan-22,1442,286
Karlen McCaffrey,New Zealand,Drinking Coco,28-Jul-22,168,156
Marney O'Breen,New Zealand,Peanut Butter Cubes,3-Aug-22,8379,173
Beverie Moffet,Australia,Organic Choco Syrup,26-Jan-22,6790,356
Van Tuxwell,Canada,Organic Choco Syrup,14-Feb-22,4067,42
Roddy Speechley,USA,Smooth Sliky Salty,5-Apr-22,3017,140
Beverie Moffet,Canada,Milk Bars,16-Feb-22,8799,250
Curtice Advani,UK,85% Dark Bars,8-Jun-22,1085,172
Brien Boise,Australia,Eclairs,27-Jun-22,6888,88
Gunar Cockshoot,USA,Spicy Special Slims,17-Feb-22,1267,157
Marney O'Breen,USA,After Nines,30-May-22,4753,163
Husein Augar,UK,Drinking Coco,14-Mar-22,3003,113
Kaine Padly,Australia,Eclairs,28-Feb-22,7672,115
Karlen McCaffrey,India,Fruit & Nut Bars,26-Jan-22,168,321
Roddy Speechley,Canada,Spicy Special Slims,9-Feb-22,1652,186
Husein Augar,USA,Eclairs,7-Jul-22,4025,112
Dennison Crosswaite,New Zealand,White Choc,5-Jul-22,9492,151
Dennison Crosswaite,New Zealand,Manuka Honey Choco,15-Jun-22,5061,301
Van Tuxwell,New Zealand,85% Dark Bars,24-May-22,1722,121
Rafaelita Blaksland,UK,99% Dark & Pure,29-Jun-22,12446,150
Wilone O'Kielt,Australia,Manuka Honey Choco,11-May-22,4284,94
Karlen McCaffrey,UK,Almond Choco,30-Jun-22,6839,133
Andria Kimpton,Canada,After Nines,11-May-22,2163,70
Roddy Speechley,USA,Manuka Honey Choco,22-Jul-22,9583,315
Andria Kimpton,UK,50% Dark Bites,24-Aug-22,2653,314
Kelci Walkden,New Zealand,After Nines,7-Jul-22,147,72
Camilla Castle,Australia,85% Dark Bars,19-May-22,3654,14
Karlen McCaffrey,India,Manuka Honey Choco,4-Jul-22,2443,581
Kelci Walkden,USA,After Nines,2-Jun-22,938,16
Karlen McCaffrey,USA,Raspberry Choco,15-Apr-22,14749,354
Mallorie Waber,Canada,Choco Coated Almonds,11-Jul-22,4781,241
Andria Kimpton,India,Spicy Special Slims,23-Feb-22,6307,142
Madelene Upcott,Canada,Almond Choco,22-Aug-22,7602,102
Kaine Padly,USA,Peanut Butter Cubes,16-Feb-22,6790,188
Van Tuxwell,USA,50% Dark Bites,13-Jan-22,9737,160
Curtice Advani,Australia,Milk Bars,14-Feb-22,6979,18
Roddy Speechley,India,Eclairs,10-Jun-22,4382,303
Curtice Advani,India,Fruit & Nut Bars,7-Jul-22,5243,176
Curtice Advani,Canada,Almond Choco,24-Mar-22,4865,70
Brien Boise,Australia,Fruit & Nut Bars,6-Jun-22,8575,23
Dotty Strutley,Australia,Drinking Coco,19-Jul-22,91,135
Beverie Moffet,USA,Raspberry Choco,19-Apr-22,14798,83
Marney O'Breen,India,85% Dark Bars,19-Jul-22,2205,179
Jehu Rudeforth,Canada,Drinking Coco,15-Jul-22,441,24
Ches Bonnell,New Zealand,Spicy Special Slims,14-Feb-22,3556,18
Brien Boise,Canada,99% Dark & Pure,18-May-22,16793,416
Barr Faughny,Australia,Fruit & Nut Bars,30-Jun-22,15421,55
Andria Kimpton,Australia,50% Dark Bites,2-Jun-22,4438,227
Andria Kimpton,Australia,Drinking Coco,28-Jun-22,1603,48
Marney O'Breen,Australia,Organic Choco Syrup,16-May-22,273,174
Kelci Walkden,Canada,Baker's Choco Chips,26-May-22,3073,302
Karlen McCaffrey,India,Almond Choco,6-Jul-22,6090,149
Oby Sorrel,India,99% Dark & Pure,27-May-22,10255,11
Wilone O'Kielt,Australia,Caramel Stuffed Bars,14-Apr-22,2030,11
Van Tuxwell,Australia,Organic Choco Syrup,10-Aug-22,19453,14
Camilla Castle,India,50% Dark Bites,4-Jul-22,9275,411
Oby Sorrel,India,Organic Choco Syrup,8-Jul-22,6181,56
Jan Morforth,USA,Peanut Butter Cubes,22-Jul-22,9037,102
Gigi Bohling,USA,Choco Coated Almonds,2-Mar-22,12313,103
Gigi Bohling,UK,Almond Choco,10-Jan-22,5642,9
Jehu Rudeforth,New Zealand,White Choc,11-Mar-22,2800,241
Andria Kimpton,New Zealand,Peanut Butter Cubes,20-Jun-22,959,265
Van Tuxwell,UK,Organic Choco Syrup,26-Aug-22,2002,214
Roddy Speechley,Canada,Milk Bars,13-Jul-22,609,32
Camilla Castle,USA,Spicy Special Slims,11-Feb-22,1274,244
Marney O'Breen,USA,Orange Choco,27-Jan-22,7595,181
Van Tuxwell,UK,99% Dark & Pure,31-Jan-22,4725,137
Camilla Castle,USA,White Choc,18-Aug-22,9681,24
Andria Kimpton,USA,Raspberry Choco,30-Jun-22,14504,21
Dotty Strutley,Australia,Fruit & Nut Bars,23-Aug-22,280,311
Brien Boise,New Zealand,Mint Chip Choco,1-Aug-22,63,181
Roddy Speechley,New Zealand,After Nines,25-May-22,8001,10
Roddy Speechley,Canada,Organic Choco Syrup,10-Jan-22,4032,82
Dennison Crosswaite,Australia,70% Dark Bites,7-Feb-22,5859,108
Karlen McCaffrey,USA,Orange Choco,12-May-22,11095,401
Madelene Upcott,Australia,Spicy Special Slims,7-Mar-22,7182,408
Dennison Crosswaite,Australia,85% Dark Bars,5-Apr-22,6881,420
Andria Kimpton,Canada,Caramel Stuffed Bars,3-Jan-22,7154,348
Dennison Crosswaite,UK,Eclairs,24-Mar-22,6188,270
Madelene Upcott,India,Raspberry Choco,7-Jul-22,4221,9
Van Tuxwell,USA,After Nines,26-Jul-22,630,264
Wilone O'Kielt,Australia,Organic Choco Syrup,7-Jul-22,1743,111
Karlen McCaffrey,Canada,50% Dark Bites,15-Jul-22,2919,65
Roddy Speechley,New Zealand,Orange Choco,1-Apr-22,49,97
Beverie Moffet,Australia,Eclairs,20-Jun-22,1827,6
Kelci Walkden,UK,Fruit & Nut Bars,29-Jun-22,13006,482
Marney O'Breen,USA,50% Dark Bites,15-Jun-22,1064,106
Husein Augar,USA,After Nines,8-Apr-22,11571,180
Dennison Crosswaite,Australia,Raspberry Choco,14-Mar-22,5740,31
Andria Kimpton,USA,Fruit & Nut Bars,15-Jul-22,1456,359
Kelci Walkden,India,Eclairs,19-Apr-22,5334,80
Marney O'Breen,USA,99% Dark & Pure,28-Mar-22,4151,296
Brien Boise,Canada,Spicy Special Slims,4-Mar-22,8106,101
Karlen McCaffrey,New Zealand,70% Dark Bites,2-Aug-22,126,40
Husein Augar,UK,Spicy Special Slims,25-Aug-22,4697,42
Marney O'Breen,USA,Almond Choco,25-Feb-22,7798,167
Kelci Walkden,India,Orange Choco,7-Jun-22,9408,138
Jan Morforth,India,Spicy Special Slims,12-Apr-22,1939,520
Ches Bonnell,India,Spicy Special Slims,6-Jul-22,10906,94
Kelci Walkden,UK,Smooth Sliky Salty,19-Jan-22,5929,175
Madelene Upcott,Australia,Fruit & Nut Bars,5-Jan-22,5579,92
Madelene Upcott,Canada,70% Dark Bites,24-Jan-22,10927,141
Wilone O'Kielt,Australia,Drinking Coco,6-Apr-22,623,283
Gunar Cockshoot,Australia,Fruit & Nut Bars,15-Jun-22,6013,21
Gigi Bohling,Canada,Baker's Choco Chips,28-Jan-22,1505,47
Kelci Walkden,India,Caramel Stuffed Bars,16-Mar-22,476,125
Rafaelita Blaksland,Australia,Drinking Coco,21-Feb-22,11550,396
Kelci Walkden,USA,Manuka Honey Choco,16-Feb-22,17318,87
Jehu Rudeforth,Canada,Spicy Special Slims,13-Jan-22,1848,27
Kelci Walkden,Australia,Eclairs,23-Mar-22,7273,547
Curtice Advani,Canada,Spicy Special Slims,16-Jun-22,854,118
Oby Sorrel,India,Raspberry Choco,14-Apr-22,6832,46
Kelci Walkden,UK,Eclairs,25-Jan-22,4606,57
Jan Morforth,India,Almond Choco,11-Mar-22,4466,22
Dotty Strutley,UK,Almond Choco,28-Jul-22,16114,96
Marney O'Breen,New Zealand,After Nines,9-Mar-22,1561,44
Husein Augar,Australia,Orange Choco,28-Jun-22,8897,188
Marney O'Breen,Australia,Milk Bars,28-Jul-22,2464,387
Kelci Walkden,Canada,99% Dark & Pure,15-Aug-22,4830,50
Kaine Padly,Australia,Manuka Honey Choco,12-Jan-22,2765,264
Beverie Moffet,New Zealand,White Choc,24-Mar-22,7126,7
Van Tuxwell,UK,Milk Bars,25-Jul-22,4263,90
Oby Sorrel,Canada,99% Dark & Pure,1-Aug-22,3605,403
Van Tuxwell,India,Organic Choco Syrup,16-May-22,19929,174
Roddy Speechley,India,Smooth Sliky Salty,10-Aug-22,5103,140
Jan Morforth,India,Eclairs,5-Jan-22,2541,27
Ches Bonnell,UK,Smooth Sliky Salty,11-Jul-22,5663,110
Wilone O'Kielt,USA,After Nines,25-Apr-22,392,30
Gigi Bohling,New Zealand,Fruit & Nut Bars,4-Apr-22,10976,121
Barr Faughny,USA,Raspberry Choco,12-Apr-22,9282,101
Wilone O'Kielt,New Zealand,85% Dark Bars,2-Aug-22,1827,117
Gigi Bohling,New Zealand,Manuka Honey Choco,28-Jun-22,8267,272
Ches Bonnell,Australia,Eclairs,5-Jul-22,4116,128
Rafaelita Blaksland,New Zealand,Choco Coated Almonds,7-Jun-22,2093,45
Brien Boise,New Zealand,Smooth Sliky Salty,18-Jan-22,1015,27
Brien Boise,Australia,Baker's Choco Chips,4-Jan-22,12516,212
Dennison Crosswaite,Australia,99% Dark & Pure,31-Jan-22,2758,18
Kelci Walkden,India,Almond Choco,14-Mar-22,3297,149
Camilla Castle,Australia,70% Dark Bites,29-Apr-22,6048,477
Oby Sorrel,India,Smooth Sliky Salty,7-Feb-22,10101,108
Kaine Padly,UK,Organic Choco Syrup,31-Mar-22,2282,178
Marney O'Breen,India,Caramel Stuffed Bars,16-Mar-22,4361,81
Karlen McCaffrey,UK,Eclairs,25-Jan-22,7798,196
Van Tuxwell,India,Baker's Choco Chips,20-Jun-22,3052,447
Gigi Bohling,UK,After Nines,29-Mar-22,8029,175
Curtice Advani,Australia,Orange Choco,12-Jul-22,854,136
Jehu Rudeforth,Canada,Smooth Sliky Salty,11-Jul-22,5460,138
Karlen McCaffrey,Canada,Smooth Sliky Salty,19-Jan-22,3017,184
Andria Kimpton,USA,85% Dark Bars,5-Apr-22,8911,82
Jehu Rudeforth,Canada,Milk Bars,21-Feb-22,7203,12
Rafaelita Blaksland,New Zealand,Caramel Stuffed Bars,20-May-22,13083,14
Mallorie Waber,Australia,Milk Bars,29-Jul-22,2779,104
Barr Faughny,USA,Fruit & Nut Bars,28-Jan-22,9058,46
Marney O'Breen,UK,Caramel Stuffed Bars,19-Jul-22,3549,112
Mallorie Waber,New Zealand,Manuka Honey Choco,13-Apr-22,9436,11
Roddy Speechley,India,Peanut Butter Cubes,11-Feb-22,10283,21
Roddy Speechley,New Zealand,Milk Bars,2-Mar-22,5446,116
Ches Bonnell,Australia,White Choc,2-Mar-22,1043,202
Van Tuxwell,USA,99% Dark & Pure,28-Jul-22,12586,6
Kelci Walkden,India,After Nines,7-Jan-22,1687,520
Brien Boise,UK,White Choc,12-Apr-22,5299,167
Van Tuxwell,Canada,Almond Choco,27-Jun-22,3213,72
Jehu Rudeforth,Australia,50% Dark Bites,14-Jan-22,5194,418
Karlen McCaffrey,UK,Baker's Choco Chips,7-Feb-22,4753,389
Jehu Rudeforth,Australia,Orange Choco,23-Mar-22,13706,26
Marney O'Breen,India,Peanut Butter Cubes,10-Jan-22,6489,146
Oby Sorrel,UK,Choco Coated Almonds,17-Mar-22,9324,41
Gigi Bohling,USA,Spicy Special Slims,21-Jan-22,10829,54
Barr Faughny,Australia,White Choc,4-Jul-22,8113,370
Kaine Padly,Canada,Peanut Butter Cubes,4-Jul-22,3269,176
Dotty Strutley,USA,Manuka Honey Choco,10-Aug-22,273,210
Dennison Crosswaite,Australia,50% Dark Bites,1-Apr-22,7287,12
Gigi Bohling,India,Raspberry Choco,22-Feb-22,2583,159
Camilla Castle,UK,White Choc,3-Jan-22,9982,187
Karlen McCaffrey,India,Drinking Coco,31-May-22,4795,233
Dotty Strutley,UK,99% Dark & Pure,3-Jan-22,9310,282
Husein Augar,New Zealand,Caramel Stuffed Bars,27-Jan-22,497,475
Barr Faughny,UK,50% Dark Bites,28-Jan-22,581,65
Curtice Advani,Australia,Organic Choco Syrup,28-Jun-22,3472,311
Husein Augar,UK,Choco Coated Almonds,2-Mar-22,4333,43
Wilone O'Kielt,Australia,After Nines,27-May-22,3325,26
Dennison Crosswaite,USA,Almond Choco,30-Jun-22,11718,84
Barr Faughny,Canada,Peanut Butter Cubes,7-Jun-22,2100,78
Kaine Padly,USA,70% Dark Bites,12-May-22,4018,100
Barr Faughny,New Zealand,Raspberry Choco,29-Jul-22,6468,66
Dennison Crosswaite,UK,White Choc,3-Aug-22,7238,265
Barr Faughny,India,Baker's Choco Chips,18-Aug-22,6454,141
Van Tuxwell,New Zealand,Smooth Sliky Salty,14-Jun-22,3115,42
Beverie Moffet,UK,White Choc,30-Jun-22,6475,76
Camilla Castle,New Zealand,Mint Chip Choco,13-Jun-22,1162,190
Ches Bonnell,UK,Orange Choco,27-Apr-22,14238,54
Jan Morforth,Australia,White Choc,27-Jul-22,3472,32
Mallorie Waber,Canada,85% Dark Bars,20-Apr-22,1428,424
Rafaelita Blaksland,India,Spicy Special Slims,4-Jan-22,8064,134
Ches Bonnell,Australia,Mint Chip Choco,21-Feb-22,9660,92
Karlen McCaffrey,Australia,White Choc,5-Jan-22,7357,48
Beverie Moffet,India,Drinking Coco,15-Jul-22,6055,46
Brien Boise,Australia,Choco Coated Almonds,25-May-22,5124,62
Karlen McCaffrey,Canada,Eclairs,20-Apr-22,3479,358
Gigi Bohling,USA,99% Dark & Pure,2-Jun-22,784,249
Marney O'Breen,UK,Smooth Sliky Salty,13-May-22,18991,88
Beverie Moffet,New Zealand,Baker's Choco Chips,3-Aug-22,1372,144
Beverie Moffet,Australia,Milk Bars,25-May-22,735,390
Van Tuxwell,UK,Raspberry Choco,16-Mar-22,6538,79
Jan Morforth,Australia,Orange Choco,4-Jul-22,3199,122
Jehu Rudeforth,India,50% Dark Bites,5-Jul-22,3472,135
Madelene Upcott,USA,After Nines,15-Mar-22,4571,430
Barr Faughny,UK,Raspberry Choco,22-Aug-22,5481,69
Ches Bonnell,Australia,70% Dark Bites,12-Jan-22,3136,125
Marney O'Breen,UK,Baker's Choco Chips,10-Jun-22,252,154
Kaine Padly,Australia,Peanut Butter Cubes,25-Mar-22,5460,286
Rafaelita Blaksland,India,Almond Choco,27-Jul-22,3395,99
Husein Augar,UK,Caramel Stuffed Bars,15-Apr-22,14938,433
Roddy Speechley,India,Orange Choco,27-Jun-22,4053,19
Jehu Rudeforth,UK,70% Dark Bites,14-Apr-22,5565,258
Husein Augar,Australia,Manuka Honey Choco,15-Mar-22,7161,92
Madelene Upcott,USA,Eclairs,18-Mar-22,8883,200
Brien Boise,India,Eclairs,29-Apr-22,1351,61
Mallorie Waber,New Zealand,White Choc,25-Feb-22,3171,246
Husein Augar,USA,Milk Bars,2-Mar-22,854,56
Van Tuxwell,Australia,Milk Bars,20-Jun-22,7910,87
Beverie Moffet,Canada,White Choc,15-Jul-22,9275,173
Dotty Strutley,Australia,50% Dark Bites,12-May-22,3108,252
Mallorie Waber,New Zealand,Organic Choco Syrup,1-Jul-22,5075,256
Husein Augar,USA,85% Dark Bars,8-Aug-22,378,54
Madelene Upcott,Australia,50% Dark Bites,25-Jul-22,7350,6
Wilone O'Kielt,UK,Drinking Coco,18-May-22,3388,55
Camilla Castle,India,Peanut Butter Cubes,15-Jul-22,11837,277
Curtice Advani,India,70% Dark Bites,5-Jul-22,2282,44
Mallorie Waber,USA,Manuka Honey Choco,4-Jul-22,5425,96
Dotty Strutley,UK,70% Dark Bites,20-Jun-22,1267,216
Gunar Cockshoot,Australia,Almond Choco,25-Jan-22,3752,424
Kaine Padly,New Zealand,Spicy Special Slims,1-Jul-22,7728,37
Gigi Bohling,USA,50% Dark Bites,13-Apr-22,2296,59
Beverie Moffet,UK,Smooth Sliky Salty,4-May-22,4403,76
Beverie Moffet,Australia,Baker's Choco Chips,4-Aug-22,3192,109
Beverie Moffet,India,70% Dark Bites,1-Jun-22,448,146
Jehu Rudeforth,UK,Choco Coated Almonds,22-Apr-22,4270,185
Kaine Padly,USA,50% Dark Bites,3-Aug-22,70,27
Ches Bonnell,USA,Orange Choco,10-Jun-22,1743,69
Gunar Cockshoot,UK,Manuka Honey Choco,27-Jun-22,6762,46
Marney O'Breen,Australia,Smooth Sliky Salty,3-Jan-22,3745,170
Marney O'Breen,India,After Nines,11-Jul-22,2639,179
Ches Bonnell,New Zealand,Milk Bars,17-Aug-22,4389,126
Rafaelita Blaksland,USA,Fruit & Nut Bars,18-Jan-22,2604,65
Ches Bonnell,India,Organic Choco Syrup,8-Mar-22,16569,99
Mallorie Waber,Australia,Orange Choco,7-Mar-22,14658,275
Husein Augar,India,70% Dark Bites,9-May-22,6454,157
Barr Faughny,New Zealand,85% Dark Bars,23-May-22,2100,157
Madelene Upcott,UK,Caramel Stuffed Bars,15-Apr-22,161,145
Gigi Bohling,Australia,Drinking Coco,27-Jul-22,2807,139
Marney O'Breen,Canada,Choco Coated Almonds,22-Aug-22,2639,406
Ches Bonnell,USA,70% Dark Bites,11-May-22,4571,122
Madelene Upcott,India,Organic Choco Syrup,26-Jan-22,4781,38
Barr Faughny,USA,50% Dark Bites,14-Apr-22,13034,117
Dennison Crosswaite,New Zealand,Mint Chip Choco,5-Apr-22,6454,417
Marney O'Breen,New Zealand,Smooth Sliky Salty,14-Jun-22,8484,57
Brien Boise,Canada,Almond Choco,13-Apr-22,4781,125
Beverie Moffet,Australia,White Choc,27-Jun-22,2240,166
Dotty Strutley,Australia,Eclairs,26-Jan-22,6979,3
Barr Faughny,UK,White Choc,5-Jul-22,1652,72
Beverie Moffet,Canada,Baker's Choco Chips,11-Jan-22,13447,95
Kelci Walkden,USA,White Choc,7-Mar-22,9422,22
Kaine Padly,Canada,50% Dark Bites,4-Mar-22,8687,100
Karlen McCaffrey,Canada,Organic Choco Syrup,15-Jul-22,2415,312
Kaine Padly,UK,Peanut Butter Cubes,11-May-22,6272,86
Karlen McCaffrey,USA,Milk Bars,27-Jan-22,4389,7
Karlen McCaffrey,India,Orange Choco,27-Jun-22,3122,149
Ches Bonnell,India,Smooth Sliky Salty,3-Aug-22,8043,18
Wilone O'Kielt,New Zealand,Mint Chip Choco,19-Aug-22,11662,242
Wilone O'Kielt,Australia,Fruit & Nut Bars,15-Jun-22,392,102
Dennison Crosswaite,UK,Peanut Butter Cubes,7-Feb-22,8925,158
Karlen McCaffrey,Australia,Almond Choco,8-Jul-22,7294,128
Dennison Crosswaite,India,Milk Bars,21-Apr-22,1526,96
Ches Bonnell,UK,Mint Chip Choco,8-Apr-22,2688,209
Husein Augar,Australia,50% Dark Bites,19-Aug-22,14889,52
Jan Morforth,India,Fruit & Nut Bars,4-May-22,2912,55
Mallorie Waber,USA,85% Dark Bars,11-May-22,2632,108
Mallorie Waber,USA,Eclairs,22-Mar-22,6328,51
Dennison Crosswaite,Canada,Spicy Special Slims,10-Aug-22,2527,216
Dennison Crosswaite,USA,Fruit & Nut Bars,4-May-22,1414,318
Kelci Walkden,USA,99% Dark & Pure,18-Aug-22,7714,238
Dotty Strutley,Canada,Raspberry Choco,3-Aug-22,4347,238
Marney O'Breen,New Zealand,Milk Bars,14-Jan-22,7490,315
Madelene Upcott,Australia,Choco Coated Almonds,8-Apr-22,2058,72
Kelci Walkden,UK,Orange Choco,1-Aug-22,3640,3
Dennison Crosswaite,Canada,Eclairs,15-Mar-22,455,45
Karlen McCaffrey,India,Mint Chip Choco,15-Jul-22,10990,184
Barr Faughny,New Zealand,Almond Choco,13-Jan-22,5558,127
Mallorie Waber,Australia,85% Dark Bars,26-Aug-22,2541,53
Ches Bonnell,Canada,Eclairs,10-Jan-22,1876,172
Gigi Bohling,Australia,White Choc,11-May-22,5523,87
Beverie Moffet,New Zealand,85% Dark Bars,30-Aug-22,11200,22
Kaine Padly,USA,Caramel Stuffed Bars,21-Jul-22,5593,122
Mallorie Waber,Australia,Almond Choco,1-Aug-22,7882,125
Brien Boise,Canada,85% Dark Bars,17-Feb-22,10241,259
Brien Boise,Australia,Drinking Coco,27-Jul-22,6832,156
Dotty Strutley,USA,Orange Choco,23-Feb-22,1379,107
Rafaelita Blaksland,Australia,50% Dark Bites,22-Mar-22,3010,40
Dennison Crosswaite,India,99% Dark & Pure,23-Jun-22,6888,311
Curtice Advani,UK,White Choc,1-Feb-22,1540,73
Kelci Walkden,Australia,After Nines,2-Mar-22,6916,288
Gigi Bohling,UK,Fruit & Nut Bars,6-Apr-22,1232,86
Gunar Cockshoot,Australia,Raspberry Choco,17-Mar-22,602,72
Curtice Advani,UK,Fruit & Nut Bars,24-Jun-22,10927,136
Barr Faughny,Canada,50% Dark Bites,19-Jul-22,10185,303
Curtice Advani,USA,Spicy Special Slims,11-Jul-22,1603,264
Brien Boise,India,Almond Choco,13-Jan-22,2170,218
Oby Sorrel,New Zealand,Smooth Sliky Salty,7-Jul-22,8673,60
Jan Morforth,India,85% Dark Bars,25-May-22,4760,418
Marney O'Breen,India,Fruit & Nut Bars,13-Apr-22,4753,151
Andria Kimpton,New Zealand,50% Dark Bites,2-Mar-22,3374,202
Gunar Cockshoot,Canada,Raspberry Choco,23-Jun-22,2058,126
Kelci Walkden,USA,Drinking Coco,26-Jul-22,6454,160
Van Tuxwell,Canada,White Choc,22-Mar-22,420,3
Rafaelita Blaksland,USA,Baker's Choco Chips,9-Jun-22,2863,58
Van Tuxwell,Australia,Caramel Stuffed Bars,17-May-22,5936,59
Ches Bonnell,New Zealand,Peanut Butter Cubes,4-Mar-22,889,273
Kelci Walkden,Canada,Milk Bars,7-Jul-22,16016,28
Dennison Crosswaite,Canada,Choco Coated Almonds,13-Jan-22,10479,118
Curtice Advani,Australia,Almond Choco,13-Jul-22,2912,75
Madelene Upcott,Australia,85% Dark Bars,16-Jun-22,1575,329
Gigi Bohling,UK,50% Dark Bites,18-Jul-22,8197,69
Ches Bonnell,UK,Manuka Honey Choco,30-May-22,4221,395
Gigi Bohling,UK,70% Dark Bites,21-Jun-22,840,81
Jehu Rudeforth,Australia,Peanut Butter Cubes,24-Jun-22,5691,38
Marney O'Breen,India,Eclairs,13-Jan-22,3472,96
Curtice Advani,Canada,Fruit & Nut Bars,4-Apr-22,4193,195
Kaine Padly,UK,Smooth Sliky Salty,8-Jun-22,9016,554
Karlen McCaffrey,Canada,Spicy Special Slims,2-Aug-22,6328,47
Kelci Walkden,USA,Organic Choco Syrup,21-Jul-22,9870,152
Curtice Advani,India,Spicy Special Slims,20-Jun-22,161,134
Roddy Speechley,India,After Nines,22-Jun-22,2576,112
Camilla Castle,Australia,Caramel Stuffed Bars,2-May-22,3178,16
Curtice Advani,Australia,99% Dark & Pure,7-Jan-22,4676,84
Mallorie Waber,UK,50% Dark Bites,21-Feb-22,5502,99
Ches Bonnell,Canada,Baker's Choco Chips,21-Mar-22,7462,371
Van Tuxwell,UK,Drinking Coco,4-Apr-22,5803,136
Gunar Cockshoot,Canada,Fruit & Nut Bars,24-Mar-22,13888,203
Gunar Cockshoot,New Zealand,Spicy Special Slims,28-Jun-22,6867,183
Gunar Cockshoot,Australia,Drinking Coco,14-Jan-22,2317,195
Karlen McCaffrey,New Zealand,Fruit & Nut Bars,7-Feb-22,1218,135
Dennison Crosswaite,New Zealand,Drinking Coco,11-Jan-22,4109,197
Jehu Rudeforth,India,99% Dark & Pure,25-Feb-22,1953,242
Dotty Strutley,Australia,Mint Chip Choco,1-Aug-22,6790,25
Roddy Speechley,Australia,Mint Chip Choco,5-May-22,6797,252
Madelene Upcott,New Zealand,Raspberry Choco,18-May-22,9226,415
Dotty Strutley,New Zealand,Choco Coated Almonds,4-Jan-22,5733,348
Roddy Speechley,New Zealand,50% Dark Bites,9-May-22,4312,211
Rafaelita Blaksland,India,Smooth Sliky Salty,6-May-22,1638,81
Husein Augar,UK,White Choc,13-Jan-22,10815,145
Roddy Speechley,Australia,Almond Choco,24-Jun-22,4466,74
Van Tuxwell,USA,Caramel Stuffed Bars,14-Feb-22,987,21
Camilla Castle,Australia,99% Dark & Pure,18-Jan-22,4669,101
Kaine Padly,India,Milk Bars,2-May-22,2905,91
Ches Bonnell,Australia,Smooth Sliky Salty,16-May-22,7490,54
Mallorie Waber,USA,Almond Choco,28-Jan-22,6986,368
Kaine Padly,Canada,99% Dark & Pure,24-Jun-22,1288,409
Oby Sorrel,UK,After Nines,18-Jul-22,2345,104
Gunar Cockshoot,UK,Eclairs,13-Apr-22,3619,164
Dotty Strutley,USA,Caramel Stuffed Bars,15-Apr-22,16982,76
Jan Morforth,India,Peanut Butter Cubes,4-Jan-22,8092,178
Husein Augar,Australia,Eclairs,4-Jul-22,6993,31
Beverie Moffet,USA,Smooth Sliky Salty,24-Mar-22,2317,352
Camilla Castle,Australia,Manuka Honey Choco,17-Mar-22,637,169
Oby Sorrel,Australia,Almond Choco,15-Feb-22,6034,223
Jan Morforth,USA,Orange Choco,29-Jun-22,980,146
Gigi Bohling,USA,Fruit & Nut Bars,24-May-22,2821,112
Mallorie Waber,UK,Milk Bars,10-Jan-22,3563,284
Curtice Advani,USA,Raspberry Choco,15-Mar-22,2996,139
Marney O'Breen,Canada,Milk Bars,8-Feb-22,2436,309
Brien Boise,India,Caramel Stuffed Bars,25-Feb-22,1540,100
Gunar Cockshoot,USA,Eclairs,3-May-22,6916,42
Roddy Speechley,USA,Fruit & Nut Bars,14-Jun-22,5509,24
Gunar Cockshoot,India,50% Dark Bites,9-Aug-22,12992,83
Wilone O'Kielt,New Zealand,Manuka Honey Choco,11-Jul-22,3724,234
Kaine Padly,UK,Manuka Honey Choco,14-Jan-22,7133,118
Van Tuxwell,Canada,Manuka Honey Choco,24-Feb-22,8617,46
Wilone O'Kielt,New Zealand,Almond Choco,15-Mar-22,9198,144
Oby Sorrel,New Zealand,Baker's Choco Chips,25-Apr-22,11823,47
Dennison Crosswaite,Australia,Organic Choco Syrup,10-May-22,5775,41
Marney O'Breen,Australia,Spicy Special Slims,23-Jun-22,13125,275
Beverie Moffet,Canada,Smooth Sliky Salty,28-Feb-22,14287,370
Brien Boise,USA,Organic Choco Syrup,25-May-22,16233,138
Roddy Speechley,New Zealand,Baker's Choco Chips,22-Feb-22,5313,215
Van Tuxwell,UK,85% Dark Bars,11-Jul-22,3577,134
Marney O'Breen,Canada,Spicy Special Slims,3-Jan-22,3528,336
Rafaelita Blaksland,New Zealand,70% Dark Bites,24-Aug-22,679,280
Beverie Moffet,USA,50% Dark Bites,28-Jul-22,2450,352
Brien Boise,USA,Mint Chip Choco,25-May-22,10577,150
Karlen McCaffrey,New Zealand,Eclairs,6-May-22,2597,177
Barr Faughny,India,Drinking Coco,28-Jan-22,2219,142
Marney O'Breen,UK,Orange Choco,6-Jun-22,11319,12
Brien Boise,New Zealand,Baker's Choco Chips,12-Jul-22,5978,24
Ches Bonnell,Canada,Spicy Special Slims,5-Aug-22,5327,183
Brien Boise,USA,Orange Choco,28-Jan-22,6020,147
Kaine Padly,India,Spicy Special Slims,31-Aug-22,5614,137
Mallorie Waber,USA,50% Dark Bites,19-Apr-22,1736,13
Mallorie Waber,UK,Mint Chip Choco,29-Jun-22,6384,2
Beverie Moffet,India,Choco Coated Almonds,24-Feb-22,3577,261
Madelene Upcott,UK,Smooth Sliky Salty,4-Mar-22,14539,84
Gigi Bohling,India,Eclairs,21-Jun-22,3493,68
Rafaelita Blaksland,Australia,Organic Choco Syrup,26-Jan-22,994,105
Oby Sorrel,New Zealand,White Choc,10-Jun-22,4361,40
Andria Kimpton,UK,Drinking Coco,23-May-22,1554,65
Kelci Walkden,India,Milk Bars,15-Apr-22,966,107
Karlen McCaffrey,New Zealand,Caramel Stuffed Bars,31-Jan-22,5334,227
Andria Kimpton,New Zealand,Organic Choco Syrup,4-Mar-22,4935,39
Barr Faughny,New Zealand,After Nines,19-Apr-22,10024,84
Beverie Moffet,UK,Almond Choco,16-May-22,2506,100
Oby Sorrel,Australia,Raspberry Choco,17-Feb-22,1043,120
Dennison Crosswaite,USA,Raspberry Choco,18-Jan-22,6524,257
Roddy Speechley,Canada,Orange Choco,9-Feb-22,8148,85
Mallorie Waber,Canada,Orange Choco,23-Mar-22,3577,178
Madelene Upcott,New Zealand,Caramel Stuffed Bars,1-Feb-22,3374,151
Mallorie Waber,India,Drinking Coco,7-Mar-22,3948,142
Ches Bonnell,UK,White Choc,3-Jan-22,3269,226
Ches Bonnell,USA,White Choc,11-Feb-22,5271,341
Dennison Crosswaite,New Zealand,Orange Choco,16-Mar-22,4571,140
Dotty Strutley,India,White Choc,15-Aug-22,12327,330
Gigi Bohling,India,Manuka Honey Choco,12-May-22,4935,73
Van Tuxwell,India,Spicy Special Slims,11-Apr-22,6167,4
Jan Morforth,New Zealand,Mint Chip Choco,30-Jun-22,18340,285
Dotty Strutley,New Zealand,White Choc,15-Jun-22,7014,60
Rafaelita Blaksland,Canada,Caramel Stuffed Bars,1-Aug-22,7119,101
Kaine Padly,USA,Milk Bars,15-Jun-22,15491,58
Brien Boise,India,After Nines,16-Jun-22,5747,45
Oby Sorrel,New Zealand,Raspberry Choco,13-May-22,4550,281
Dennison Crosswaite,USA,Drinking Coco,10-May-22,2191,138
Oby Sorrel,India,Eclairs,25-Aug-22,5663,322
Ches Bonnell,New Zealand,Organic Choco Syrup,15-Jul-22,7623,85
Gigi Bohling,UK,Baker's Choco Chips,16-May-22,9023,409
Jan Morforth,Australia,50% Dark Bites,14-Jun-22,3402,182
Beverie Moffet,Australia,Smooth Sliky Salty,25-Jan-22,10507,467
Ches Bonnell,USA,Organic Choco Syrup,28-Jul-22,7721,14
Brien Boise,Canada,Mint Chip Choco,28-Jan-22,5033,178
Kaine Padly,UK,Orange Choco,29-Jun-22,1960,191
Karlen McCaffrey,Australia,70% Dark Bites,24-Jun-22,238,317
Gunar Cockshoot,Canada,Mint Chip Choco,1-Jul-22,7756,410
Roddy Speechley,USA,Peanut Butter Cubes,25-Feb-22,1736,137
Curtice Advani,Canada,Smooth Sliky Salty,1-Aug-22,2660,12
Oby Sorrel,Australia,Milk Bars,21-Jun-22,7672,254
Camilla Castle,New Zealand,Spicy Special Slims,25-Jan-22,11564,24
Gigi Bohling,UK,Milk Bars,17-May-22,1365,232
Andria Kimpton,Australia,85% Dark Bars,23-Aug-22,4186,233
Camilla Castle,Australia,Smooth Sliky Salty,3-Mar-22,7406,118
Roddy Speechley,India,Caramel Stuffed Bars,30-May-22,8911,543
Karlen McCaffrey,USA,Drinking Coco,29-Jun-22,112,223
Andria Kimpton,Canada,Organic Choco Syrup,4-Jan-22,8204,204
Jehu Rudeforth,Australia,Drinking Coco,14-Jan-22,2611,65
Karlen McCaffrey,USA,Mint Chip Choco,15-Feb-22,15652,53
Curtice Advani,New Zealand,Spicy Special Slims,10-Jan-22,4074,469
Madelene Upcott,USA,White Choc,4-May-22,12250,213
Andria Kimpton,USA,Spicy Special Slims,23-May-22,2366,5
Barr Faughny,New Zealand,Fruit & Nut Bars,26-Apr-22,1687,147
Oby Sorrel,Canada,Organic Choco Syrup,5-Jul-22,1232,74
Madelene Upcott,UK,Organic Choco Syrup,21-Jul-22,6965,163
Dotty Strutley,USA,Mint Chip Choco,21-Feb-22,5292,248
Kelci Walkden,USA,Orange Choco,3-Feb-22,1379,138
Gigi Bohling,Australia,Caramel Stuffed Bars,8-Jul-22,8001,151
Mallorie Waber,India,50% Dark Bites,31-May-22,588,139
Van Tuxwell,New Zealand,Mint Chip Choco,27-Jun-22,4046,103
Van Tuxwell,India,50% Dark Bites,13-May-22,5103,129
Van Tuxwell,USA,Manuka Honey Choco,31-May-22,2317,102
Wilone O'Kielt,USA,Orange Choco,28-Feb-22,7042,37
Barr Faughny,New Zealand,Eclairs,28-Mar-22,6713,31
Gigi Bohling,USA,After Nines,14-Jan-22,1848,227
Barr Faughny,New Zealand,Mint Chip Choco,21-Feb-22,6440,145
Dennison Crosswaite,Canada,85% Dark Bars,1-Aug-22,10885,90
Beverie Moffet,New Zealand,Smooth Sliky Salty,19-May-22,2387,59
Husein Augar,USA,White Choc,13-Jul-22,2030,60
Andria Kimpton,Australia,Peanut Butter Cubes,20-Apr-22,6678,148
Dennison Crosswaite,India,85% Dark Bars,30-Jun-22,4515,22
Curtice Advani,UK,50% Dark Bites,8-Mar-22,3374,142
Gunar Cockshoot,USA,Fruit & Nut Bars,9-Mar-22,5852,93
Oby Sorrel,Canada,Raspberry Choco,16-Jun-22,1750,208
Gigi Bohling,UK,Drinking Coco,30-Jun-22,5782,42
Kelci Walkden,India,Mint Chip Choco,28-Jul-22,2870,120
Karlen McCaffrey,Canada,Peanut Butter Cubes,12-Aug-22,3094,159
Barr Faughny,UK,Mint Chip Choco,7-Jul-22,3724,316
Barr Faughny,USA,85% Dark Bars,25-Aug-22,12761,47
Husein Augar,Canada,Eclairs,17-Jan-22,3696,233
Jan Morforth,Australia,70% Dark Bites,4-Mar-22,5222,384
Marney O'Breen,New Zealand,Fruit & Nut Bars,25-Aug-22,8939,4
Ches Bonnell,UK,Peanut Butter Cubes,15-Apr-22,2156,260
Kaine Padly,USA,Organic Choco Syrup,11-Mar-22,2380,22
Camilla Castle,USA,Raspberry Choco,20-May-22,3339,18
Brien Boise,New Zealand,Manuka Honey Choco,14-Jun-22,14980,42
Jehu Rudeforth,New Zealand,After Nines,14-Apr-22,1512,73
Jehu Rudeforth,USA,Smooth Sliky Salty,7-Jul-22,6657,154
Madelene Upcott,India,Mint Chip Choco,24-Aug-22,3836,71
Jehu Rudeforth,India,Eclairs,24-Feb-22,8771,127
Karlen McCaffrey,Canada,Raspberry Choco,9-May-22,651,224
Kaine Padly,Australia,70% Dark Bites,8-Feb-22,6706,223
Roddy Speechley,UK,70% Dark Bites,24-Mar-22,1421,284
Rafaelita Blaksland,USA,Drinking Coco,20-Jun-22,8526,73
Mallorie Waber,Canada,Manuka Honey Choco,7-Mar-22,1435,112
Kaine Padly,Australia,Fruit & Nut Bars,20-Jun-22,7434,85
Oby Sorrel,New Zealand,Organic Choco Syrup,17-Feb-22,15316,270
Madelene Upcott,UK,99% Dark & Pure,26-Jan-22,10479,45
Madelene Upcott,Australia,Mint Chip Choco,2-May-22,2751,153
Curtice Advani,Canada,99% Dark & Pure,7-Jul-22,12586,7
Rafaelita Blaksland,Australia,Baker's Choco Chips,22-Aug-22,2786,51
Karlen McCaffrey,Australia,After Nines,11-Aug-22,2303,67
Marney O'Breen,UK,99% Dark & Pure,13-Jan-22,8113,194
Gunar Cockshoot,Australia,50% Dark Bites,2-Mar-22,12271,116
Marney O'Breen,Australia,Choco Coated Almonds,27-Jul-22,11298,41
Kelci Walkden,New Zealand,Drinking Coco,10-Mar-22,15855,111
Beverie Moffet,USA,85% Dark Bars,23-Aug-22,12404,334
Roddy Speechley,USA,Eclairs,25-Apr-22,3990,155
Dennison Crosswaite,UK,Milk Bars,7-Mar-22,10808,407
Wilone O'Kielt,UK,Organic Choco Syrup,12-Jul-22,4858,52
Madelene Upcott,USA,Orange Choco,16-May-22,7742,138
Gunar Cockshoot,India,Smooth Sliky Salty,2-Mar-22,3752,70
Marney O'Breen,New Zealand,85% Dark Bars,30-May-22,1218,149
Marney O'Breen,UK,Manuka Honey Choco,10-Jun-22,10983,179
Brien Boise,USA,99% Dark & Pure,25-Jul-22,6769,353
Beverie Moffet,New Zealand,Mint Chip Choco,9-Jun-22,4361,97
Dennison Crosswaite,USA,Milk Bars,12-May-22,777,60
Gunar Cockshoot,USA,Drinking Coco,9-May-22,3843,5
Brien Boise,Canada,Manuka Honey Choco,9-Aug-22,6930,182
Van Tuxwell,India,Choco Coated Almonds,13-Apr-22,5733,114
Andria Kimpton,USA,Caramel Stuffed Bars,2-May-22,8393,46
Dotty Strutley,USA,99% Dark & Pure,9-Aug-22,3822,320
Camilla Castle,Australia,Raspberry Choco,23-Aug-22,6342,178
Gunar Cockshoot,India,Spicy Special Slims,13-May-22,6510,170
Karlen McCaffrey,USA,Manuka Honey Choco,1-Feb-22,10171,67
Camilla Castle,USA,50% Dark Bites,23-Jun-22,5908,301
Madelene Upcott,UK,Choco Coated Almonds,24-May-22,10164,134
Jan Morforth,Canada,Mint Chip Choco,1-Apr-22,1064,211
Camilla Castle,Canada,70% Dark Bites,27-Jul-22,9716,151
Ches Bonnell,India,Peanut Butter Cubes,27-Jan-22,22050,208
Jan Morforth,India,Choco Coated Almonds,12-Aug-22,2541,134
Gigi Bohling,Canada,Almond Choco,1-Feb-22,9989,49
Rafaelita Blaksland,India,After Nines,2-Mar-22,4739,204
Kelci Walkden,Australia,99% Dark & Pure,30-Jun-22,3185,34
Dotty Strutley,Australia,Spicy Special Slims,17-Jan-22,8225,91
Brien Boise,USA,Milk Bars,7-Jul-22,14301,130
Mallorie Waber,New Zealand,Mint Chip Choco,31-Jan-22,1316,107
Beverie Moffet,UK,99% Dark & Pure,10-Aug-22,3486,121
Beverie Moffet,USA,Peanut Butter Cubes,18-Aug-22,13930,339
Brien Boise,New Zealand,White Choc,15-Jun-22,5509,321
Marney O'Breen,USA,Baker's Choco Chips,26-Jan-22,8470,9
Kelci Walkden,USA,Spicy Special Slims,29-Apr-22,77,69
Mallorie Waber,Canada,White Choc,3-Mar-22,3381,72
Kaine Padly,Australia,Almond Choco,22-Feb-22,4102,392
Oby Sorrel,USA,Smooth Sliky Salty,4-Mar-22,3577,158
Dennison Crosswaite,India,Smooth Sliky Salty,7-Jul-22,2975,9
Camilla Castle,New Zealand,Caramel Stuffed Bars,17-Jun-22,4137,347
Jan Morforth,Canada,Caramel Stuffed Bars,2-Aug-22,9541,114
Oby Sorrel,USA,Baker's Choco Chips,12-Aug-22,8001,120
Madelene Upcott,New Zealand,Peanut Butter Cubes,28-Jan-22,5152,333
Kelci Walkden,Australia,Orange Choco,29-Apr-22,11116,432
Marney O'Breen,Australia,Manuka Honey Choco,5-Apr-22,13076,236
Kaine Padly,Canada,Manuka Honey Choco,18-Jan-22,10213,135
Jehu Rudeforth,UK,Baker's Choco Chips,16-May-22,2485,97
Kelci Walkden,Australia,White Choc,24-Aug-22,8715,168
Curtice Advani,India,85% Dark Bars,18-Jan-22,273,402
Kaine Padly,USA,Eclairs,22-Aug-22,7623,10
Gunar Cockshoot,UK,99% Dark & Pure,7-Mar-22,7,84
Beverie Moffet,UK,Choco Coated Almonds,4-Mar-22,3010,69
Dotty Strutley,Canada,Manuka Honey Choco,22-Apr-22,11550,111
Kaine Padly,Australia,Milk Bars,9-Jun-22,4046,89
Jan Morforth,Canada,Fruit & Nut Bars,25-Jul-22,8904,199
Jan Morforth,India,Smooth Sliky Salty,3-Aug-22,11298,89
Rafaelita Blaksland,Australia,Manuka Honey Choco,3-Aug-22,4396,131
Jehu Rudeforth,UK,Milk Bars,3-May-22,12068,227
Husein Augar,Canada,After Nines,19-Jan-22,9772,301
Roddy Speechley,USA,50% Dark Bites,11-Feb-22,10458,316
Van Tuxwell,India,Almond Choco,14-Jun-22,6426,390
Kelci Walkden,USA,50% Dark Bites,23-Mar-22,6188,223
Madelene Upcott,Canada,85% Dark Bars,17-Feb-22,7504,101
Dennison Crosswaite,Canada,Smooth Sliky Salty,17-Mar-22,1750,479
Mallorie Waber,Australia,Spicy Special Slims,29-Jun-22,5439,287
Ches Bonnell,Canada,Choco Coated Almonds,24-Aug-22,15547,269
Gigi Bohling,Canada,Spicy Special Slims,4-Jul-22,11956,277
Roddy Speechley,New Zealand,Almond Choco,28-Mar-22,2723,67
Curtice Advani,India,Smooth Sliky Salty,19-Apr-22,19327,135
Ches Bonnell,New Zealand,Mint Chip Choco,18-Jan-22,9058,229
Van Tuxwell,New Zealand,Fruit & Nut Bars,17-Jan-22,2996,88
Andria Kimpton,New Zealand,Mint Chip Choco,15-Feb-22,8848,211
Andria Kimpton,UK,Milk Bars,11-Feb-22,14336,293
Camilla Castle,USA,Manuka Honey Choco,21-Mar-22,16401,179
Gunar Cockshoot,New Zealand,Almond Choco,5-Jan-22,5173,129
Brien Boise,India,Raspberry Choco,30-May-22,6328,164
Jehu Rudeforth,USA,99% Dark & Pure,4-Jan-22,2534,219
Beverie Moffet,Australia,Fruit & Nut Bars,22-Apr-22,1435,258
Gigi Bohling,Canada,Milk Bars,10-Feb-22,3052,116
Dotty Strutley,India,Spicy Special Slims,12-Aug-22,910,204
Gunar Cockshoot,USA,Organic Choco Syrup,10-Aug-22,2331,321
Kelci Walkden,Australia,Raspberry Choco,7-Jun-22,679,56
Jehu Rudeforth,India,Baker's Choco Chips,6-Jun-22,2086,74
Karlen McCaffrey,New Zealand,Baker's Choco Chips,5-Apr-22,5012,189
Wilone O'Kielt,USA,50% Dark Bites,18-Apr-22,4501,131
Andria Kimpton,India,50% Dark Bites,31-Jan-22,13482,15
Madelene Upcott,USA,Baker's Choco Chips,22-Aug-22,5621,140
Jehu Rudeforth,Australia,99% Dark & Pure,25-Feb-22,10486,198
Jan Morforth,Australia,Mint Chip Choco,22-Feb-22,17626,103
Oby Sorrel,New Zealand,Milk Bars,12-Jan-22,4494,187
Brien Boise,UK,Almond Choco,25-May-22,105,125
Kelci Walkden,India,Smooth Sliky Salty,1-Feb-22,2464,8
Rafaelita Blaksland,UK,Eclairs,27-Apr-22,1379,70
Gigi Bohling,USA,Smooth Sliky Salty,22-Jul-22,2583,126
Curtice Advani,New Zealand,Mint Chip Choco,26-Jan-22,3220,265
Curtice Advani,USA,Mint Chip Choco,24-Aug-22,4802,296
Madelene Upcott,New Zealand,Fruit & Nut Bars,18-Jan-22,5677,21
Karlen McCaffrey,India,85% Dark Bars,30-Mar-22,945,83
Ches Bonnell,Australia,Caramel Stuffed Bars,17-Jan-22,8757,162
Kelci Walkden,USA,Fruit & Nut Bars,17-Feb-22,4816,145
Kelci Walkden,Canada,Peanut Butter Cubes,8-Apr-22,7532,44
Gigi Bohling,Canada,Drinking Coco,6-Jul-22,3549,82
Husein Augar,India,Fruit & Nut Bars,4-Apr-22,4340,226
Jan Morforth,New Zealand,Organic Choco Syrup,2-Mar-22,1799,207
Gigi Bohling,New Zealand,Raspberry Choco,9-Aug-22,1127,176
Dennison Crosswaite,Australia,Milk Bars,9-Jun-22,10038,286
Ches Bonnell,UK,Caramel Stuffed Bars,2-Jun-22,2926,300
Van Tuxwell,USA,Fruit & Nut Bars,5-Jul-22,6279,235
Andria Kimpton,Canada,Eclairs,11-Aug-22,308,125
Madelene Upcott,India,Choco Coated Almonds,11-Feb-22,3500,145
Kelci Walkden,New Zealand,Spicy Special Slims,11-Aug-22,658,65
Roddy Speechley,Australia,Drinking Coco,12-May-22,12565,102
Wilone O'Kielt,USA,Milk Bars,15-Jul-22,5012,93
Andria Kimpton,India,Organic Choco Syrup,18-Jan-22,3955,134
Madelene Upcott,UK,Fruit & Nut Bars,5-Jan-22,8512,189
Curtice Advani,Australia,50% Dark Bites,29-Jun-22,504,232
Brien Boise,Canada,Raspberry Choco,14-Jun-22,2800,45
Gunar Cockshoot,India,Mint Chip Choco,8-Aug-22,4256,67
Dennison Crosswaite,India,Mint Chip Choco,23-Mar-22,13573,138
Barr Faughny,India,Caramel Stuffed Bars,4-Jan-22,6566,99
Brien Boise,India,Milk Bars,22-Feb-22,13503,251
Beverie Moffet,UK,Spicy Special Slims,17-Feb-22,8680,252
Barr Faughny,USA,Almond Choco,3-Feb-22,385,78
Van Tuxwell,Canada,Raspberry Choco,17-Mar-22,1267,130
Wilone O'Kielt,Australia,Baker's Choco Chips,25-Jan-22,2961,154
Brien Boise,Australia,Milk Bars,27-Jul-22,1981,52
Husein Augar,Australia,Fruit & Nut Bars,28-Jan-22,7959,53
Madelene Upcott,Australia,Organic Choco Syrup,5-Jul-22,10794,50
Van Tuxwell,India,White Choc,15-Mar-22,1897,44
Gunar Cockshoot,Canada,After Nines,4-Aug-22,2744,200
Jan Morforth,USA,Fruit & Nut Bars,27-Jun-22,4382,361
Jan Morforth,Canada,After Nines,13-Jul-22,4515,172
Barr Faughny,New Zealand,Manuka Honey Choco,24-Feb-22,5474,239
Karlen McCaffrey,New Zealand,85% Dark Bars,28-Jun-22,6069,55
Oby Sorrel,Australia,85% Dark Bars,30-Jun-22,6944,27
Curtice Advani,Canada,Choco Coated Almonds,18-Aug-22,5859,7
Kaine Padly,India,70% Dark Bites,24-Jan-22,12173,301
Beverie Moffet,USA,White Choc,11-Mar-22,5292,134
Ches Bonnell,New Zealand,After Nines,23-Jun-22,5705,350
Husein Augar,India,Spicy Special Slims,22-Aug-22,2492,33
Gunar Cockshoot,Canada,50% Dark Bites,4-Jan-22,3024,23
Curtice Advani,India,Milk Bars,5-Apr-22,3437,201
Beverie Moffet,India,Milk Bars,15-Apr-22,1869,323
Husein Augar,Australia,White Choc,11-May-22,3171,220
Andria Kimpton,Canada,Manuka Honey Choco,21-Jul-22,4858,488
Jan Morforth,New Zealand,Orange Choco,11-Feb-22,1225,84
Andria Kimpton,Canada,Smooth Sliky Salty,8-Jul-22,1155,79
Gunar Cockshoot,UK,Raspberry Choco,11-Aug-22,6811,344
Husein Augar,New Zealand,After Nines,4-Aug-22,6433,7
Andria Kimpton,New Zealand,Orange Choco,14-Jun-22,8169,88
Dennison Crosswaite,UK,Baker's Choco Chips,17-Jan-22,2275,275
Jehu Rudeforth,Canada,Orange Choco,23-Jun-22,3857,512
Jehu Rudeforth,UK,Smooth Sliky Salty,24-Aug-22,1463,113
Andria Kimpton,UK,Caramel Stuffed Bars,7-Jun-22,7924,275
Jan Morforth,UK,White Choc,22-Jun-22,8799,47
Dotty Strutley,USA,Fruit & Nut Bars,13-Jul-22,2898,276
Kelci Walkden,UK,Choco Coated Almonds,24-May-22,9506,212
Gunar Cockshoot,New Zealand,After Nines,9-Aug-22,7175,145
Kaine Padly,Canada,85% Dark Bars,6-Apr-22,1729,31
Jan Morforth,New Zealand,Manuka Honey Choco,28-Jul-22,1589,271
Gunar Cockshoot,New Zealand,Raspberry Choco,24-Aug-22,630,52
Van Tuxwell,Australia,99% Dark & Pure,17-Jan-22,112,128
Curtice Advani,USA,Drinking Coco,7-Feb-22,5187,142
Brien Boise,Australia,Spicy Special Slims,9-May-22,6223,256
Mallorie Waber,New Zealand,85% Dark Bars,6-Jun-22,7714,106
Wilone O'Kielt,USA,Choco Coated Almonds,6-Jun-22,9457,6
Beverie Moffet,New Zealand,Organic Choco Syrup,24-May-22,6678,226
Gunar Cockshoot,UK,50% Dark Bites,13-Jan-22,2107,121
Marney O'Breen,USA,Raspberry Choco,23-May-22,6069,151
Jehu Rudeforth,UK,White Choc,29-Jun-22,1862,284
Jehu Rudeforth,New Zealand,85% Dark Bars,11-Mar-22,6972,89
Dotty Strutley,USA,85% Dark Bars,25-Apr-22,10220,508
Rafaelita Blaksland,Australia,Smooth Sliky Salty,30-May-22,3969,243
Curtice Advani,India,Manuka Honey Choco,23-May-22,1547,170
Mallorie Waber,USA,Peanut Butter Cubes,23-May-22,1162,18
Van Tuxwell,Canada,Peanut Butter Cubes,24-Jun-22,6342,282
Kelci Walkden,New Zealand,Smooth Sliky Salty,11-Mar-22,10633,277
Rafaelita Blaksland,USA,Smooth Sliky Salty,27-Jul-22,15057,212
Rafaelita Blaksland,USA,White Choc,16-Aug-22,4704,126
Roddy Speechley,Canada,Smooth Sliky Salty,7-Mar-22,9338,11
Curtice Advani,New Zealand,After Nines,5-Apr-22,7959,30
Camilla Castle,India,85% Dark Bars,4-May-22,9023,51
Ches Bonnell,USA,Choco Coated Almonds,4-Jan-22,14525,92
Marney O'Breen,Australia,Baker's Choco Chips,13-Jan-22,5810,101
Wilone O'Kielt,New Zealand,Fruit & Nut Bars,11-Jul-22,6426,98
Kaine Padly,Australia,Mint Chip Choco,17-May-22,4403,159
Camilla Castle,New Zealand,Peanut Butter Cubes,21-Jul-22,1582,62
Curtice Advani,Canada,Organic Choco Syrup,22-Feb-22,791,22
Jan Morforth,India,99% Dark & Pure,23-May-22,9100,187
Rafaelita Blaksland,Canada,Drinking Coco,12-Jul-22,9884,200
Jan Morforth,UK,Orange Choco,15-Jun-22,3780,201
Barr Faughny,New Zealand,50% Dark Bites,23-Jun-22,4557,308
Curtice Advani,Australia,Eclairs,25-Mar-22,5796,55
Jan Morforth,India,Caramel Stuffed Bars,4-Jul-22,84,153
Andria Kimpton,UK,White Choc,12-May-22,9037,101
Camilla Castle,New Zealand,Raspberry Choco,4-Apr-22,4746,137
Madelene Upcott,Australia,Orange Choco,15-Apr-22,6713,398
Roddy Speechley,Canada,Eclairs,8-Mar-22,6237,88
Karlen McCaffrey,India,White Choc,17-Jan-22,7483,232
Wilone O'Kielt,India,Mint Chip Choco,22-Aug-22,1309,51
Andria Kimpton,UK,99% Dark & Pure,25-Jul-22,1155,66
Marney O'Breen,UK,50% Dark Bites,14-Jun-22,2989,124
Ches Bonnell,India,Choco Coated Almonds,5-Apr-22,9625,78
Madelene Upcott,UK,Raspberry Choco,26-Aug-22,7357,341
Wilone O'Kielt,Australia,50% Dark Bites,3-Aug-22,10031,114
Gigi Bohling,Canada,White Choc,11-Jul-22,6587,4
Wilone O'Kielt,New Zealand,Eclairs,11-Mar-22,3311,22
Brien Boise,UK,Peanut Butter Cubes,10-Jan-22,15330,30
Roddy Speechley,UK,Baker's Choco Chips,4-Apr-22,14028,351
Karlen McCaffrey,Australia,50% Dark Bites,17-Jan-22,6678,708
Marney O'Breen,New Zealand,Organic Choco Syrup,8-Jul-22,8624,50
Jan Morforth,UK,Organic Choco Syrup,12-Apr-22,1197,356
Rafaelita Blaksland,Canada,Fruit & Nut Bars,24-Aug-22,483,185
Ches Bonnell,UK,Choco Coated Almonds,7-Jun-22,1687,236
Gunar Cockshoot,Canada,Almond Choco,28-Jul-22,1309,30
Husein Augar,USA,99% Dark & Pure,21-Feb-22,9534,111
Dennison Crosswaite,Canada,Mint Chip Choco,8-Apr-22,1694,289
Brien Boise,UK,Manuka Honey Choco,28-Jun-22,70,103
Van Tuxwell,UK,Baker's Choco Chips,24-Mar-22,2443,20
Barr Faughny,Australia,Caramel Stuffed Bars,29-Jul-22,2933,55
Dennison Crosswaite,USA,Eclairs,25-May-22,2044,90
Gigi Bohling,Australia,Raspberry Choco,30-Mar-22,6524,303
Dennison Crosswaite,USA,Organic Choco Syrup,18-Jul-22,12656,126
Beverie Moffet,Canada,Orange Choco,10-May-22,8722,109
Mallorie Waber,Australia,Choco Coated Almonds,18-Mar-22,15750,92
Ches Bonnell,India,Caramel Stuffed Bars,15-Jun-22,6839,56
Van Tuxwell,Canada,50% Dark Bites,12-May-22,13685,58
Kelci Walkden,New Zealand,Baker's Choco Chips,23-Jun-22,2912,110
Beverie Moffet,India,Spicy Special Slims,21-Apr-22,3339,171
Gigi Bohling,Australia,Almond Choco,17-Aug-22,910,117
Rafaelita Blaksland,New Zealand,Eclairs,7-Feb-22,19481,51
Kelci Walkden,Canada,Smooth Sliky Salty,17-Mar-22,8099,118
Jan Morforth,India,Baker's Choco Chips,1-Aug-22,13727,79
Jehu Rudeforth,Australia,Milk Bars,18-Mar-22,8659,29
Gigi Bohling,Canada,Fruit & Nut Bars,14-Jun-22,5782,103
Beverie Moffet,UK,Eclairs,22-Apr-22,8463,155
Marney O'Breen,New Zealand,Eclairs,18-Jan-22,4914,31
Husein Augar,Australia,99% Dark & Pure,26-Aug-22,3087,128
Gunar Cockshoot,New Zealand,Fruit & Nut Bars,10-Jun-22,9205,419
Curtice Advani,Canada,70% Dark Bites,31-Jan-22,2303,7
Kelci Walkden,New Zealand,Manuka Honey Choco,8-Apr-22,1358,106
Dotty Strutley,Australia,Baker's Choco Chips,7-Jun-22,3605,68
Barr Faughny,Australia,85% Dark Bars,10-Feb-22,8498,44
Beverie Moffet,Australia,50% Dark Bites,16-May-22,700,457
Gunar Cockshoot,India,Baker's Choco Chips,18-Mar-22,2191,524
Van Tuxwell,Australia,50% Dark Bites,13-Jul-22,644,137
Oby Sorrel,USA,Manuka Honey Choco,25-Jul-22,4340,86
Van Tuxwell,Canada,Choco Coated Almonds,19-Aug-22,2282,296
Karlen McCaffrey,Canada,70% Dark Bites,24-Jun-22,7714,597
Kelci Walkden,Canada,Fruit & Nut Bars,20-Jun-22,826,149
Camilla Castle,India,99% Dark & Pure,2-Aug-22,203,207
Madelene Upcott,New Zealand,70% Dark Bites,22-Feb-22,13356,93
Mallorie Waber,New Zealand,Orange Choco,1-Feb-22,6510,23
Jan Morforth,Canada,70% Dark Bites,14-Feb-22,5894,305
Kelci Walkden,Australia,Milk Bars,24-Feb-22,7910,125
Dennison Crosswaite,India,Orange Choco,18-Mar-22,784,129
Husein Augar,UK,Eclairs,30-Aug-22,1750,252
Gigi Bohling,USA,Peanut Butter Cubes,9-May-22,280,75
Wilone O'Kielt,USA,Smooth Sliky Salty,18-Jan-22,504,87
Curtice Advani,India,White Choc,4-Jul-22,7154,342
Oby Sorrel,New Zealand,Spicy Special Slims,3-Jun-22,1617,13
Beverie Moffet,New Zealand,Peanut Butter Cubes,23-Feb-22,10822,30
Dotty Strutley,New Zealand,99% Dark & Pure,9-May-22,10724,203
Kelci Walkden,India,70% Dark Bites,6-Jun-22,3640,106
Kelci Walkden,India,Drinking Coco,4-Jul-22,7532,234
Brien Boise,New Zealand,Drinking Coco,6-Jun-22,1582,100
Dotty Strutley,Australia,Almond Choco,13-May-22,1456,91
Wilone O'Kielt,New Zealand,Organic Choco Syrup,31-Jan-22,2016,277
Ches Bonnell,New Zealand,Caramel Stuffed Bars,30-Jun-22,7588,42
Barr Faughny,Canada,Manuka Honey Choco,25-Aug-22,3402,249
Gigi Bohling,New Zealand,Smooth Sliky Salty,10-Jan-22,700,97
Brien Boise,USA,Manuka Honey Choco,22-Aug-22,1904,8
Roddy Speechley,New Zealand,85% Dark Bars,14-Apr-22,4844,275
Oby Sorrel,UK,Smooth Sliky Salty,31-May-22,9625,313
Oby Sorrel,UK,Raspberry Choco,8-Apr-22,4599,323
Roddy Speechley,USA,Drinking Coco,21-Feb-22,3003,155
Andria Kimpton,Australia,Manuka Honey Choco,30-Mar-22,9744,377
Mallorie Waber,India,Raspberry Choco,2-Mar-22,1400,2
Jehu Rudeforth,USA,Orange Choco,28-Jul-22,364,170
Kaine Padly,New Zealand,70% Dark Bites,24-Mar-22,7231,38
Curtice Advani,Australia,After Nines,11-Aug-22,63,105
Husein Augar,UK,Almond Choco,17-May-22,8309,166
Kaine Padly,Canada,Choco Coated Almonds,18-May-22,3164,164
Roddy Speechley,UK,Peanut Butter Cubes,17-Aug-22,5691,171
Ches Bonnell,New Zealand,Eclairs,4-Apr-22,490,49
Brien Boise,India,85% Dark Bars,9-Aug-22,18032,205
Brien Boise,New Zealand,Organic Choco Syrup,17-Jan-22,637,313
Andria Kimpton,Canada,White Choc,14-Feb-22,4067,29
Gigi Bohling,New Zealand,Orange Choco,16-May-22,8204,307
Ches Bonnell,Canada,Smooth Sliky Salty,16-Mar-22,9870,121
Husein Augar,Canada,70% Dark Bites,31-Jan-22,5131,285
Barr Faughny,Canada,Organic Choco Syrup,10-Mar-22,1141,205
Oby Sorrel,UK,Organic Choco Syrup,30-Jun-22,7980,157
Van Tuxwell,New Zealand,Eclairs,1-Mar-22,5229,182
Mallorie Waber,UK,Drinking Coco,27-May-22,3423,100
Oby Sorrel,UK,Milk Bars,11-Jul-22,6468,223
Karlen McCaffrey,New Zealand,Mint Chip Choco,2-Mar-22,4326,61
Jehu Rudeforth,USA,Raspberry Choco,4-Mar-22,7154,133
Kelci Walkden,UK,85% Dark Bars,23-Jun-22,3997,228
Kelci Walkden,USA,Almond Choco,27-Jan-22,5180,233
Marney O'Breen,Canada,Orange Choco,14-Jan-22,2723,425
Dennison Crosswaite,India,Fruit & Nut Bars,29-Jul-22,952,24
Brien Boise,Canada,Smooth Sliky Salty,13-May-22,5691,495
Barr Faughny,Canada,Baker's Choco Chips,3-Feb-22,10969,170
Brien Boise,India,Smooth Sliky Salty,27-May-22,5964,26
Jan Morforth,Australia,Drinking Coco,18-Feb-22,2821,24
Brien Boise,India,Spicy Special Slims,28-Jan-22,1302,33
Van Tuxwell,UK,Eclairs,29-Jun-22,5474,109
Wilone O'Kielt,India,Caramel Stuffed Bars,13-Jan-22,4179,276
Jehu Rudeforth,UK,After Nines,27-Jun-22,1946,164
Barr Faughny,Canada,White Choc,29-Mar-22,4291,1
Gunar Cockshoot,India,Organic Choco Syrup,3-Jun-22,7196,160
Mallorie Waber,Canada,Smooth Sliky Salty,21-Mar-22,1939,98
Mallorie Waber,India,Eclairs,12-Apr-22,10437,46
Rafaelita Blaksland,Australia,Raspberry Choco,19-Jan-22,6916,259
Karlen McCaffrey,UK,50% Dark Bites,6-Apr-22,3647,310
Kaine Padly,Australia,50% Dark Bites,2-Aug-22,8995,78
Gigi Bohling,Australia,Eclairs,12-Apr-22,7252,136
Oby Sorrel,India,Drinking Coco,21-Jul-22,16380,130
Van Tuxwell,New Zealand,Baker's Choco Chips,22-Mar-22,9660,24
Husein Augar,India,Peanut Butter Cubes,9-May-22,4522,5
Andria Kimpton,Australia,Baker's Choco Chips,9-Aug-22,329,109
Madelene Upcott,Canada,Choco Coated Almonds,20-Jul-22,3458,294
Brien Boise,India,70% Dark Bites,14-Apr-22,4641,413
Jehu Rudeforth,Canada,White Choc,25-Jan-22,4627,136
Andria Kimpton,Australia,Almond Choco,25-Apr-22,3192,175
Dotty Strutley,Canada,After Nines,17-Jan-22,252,237
Karlen McCaffrey,USA,Eclairs,15-Aug-22,868,125
Karlen McCaffrey,Canada,Fruit & Nut Bars,2-Jun-22,210,16
Gunar Cockshoot,USA,85% Dark Bars,30-Jun-22,7007,135
Dotty Strutley,New Zealand,Raspberry Choco,10-Feb-22,5845,91
Marney O'Breen,Canada,Caramel Stuffed Bars,23-Feb-22,1372,614
Dennison Crosswaite,India,Organic Choco Syrup,27-Jan-22,8428,216
Camilla Castle,UK,Mint Chip Choco,26-May-22,4977,317
Brien Boise,USA,70% Dark Bites,14-Apr-22,1694,21
Madelene Upcott,Australia,99% Dark & Pure,1-Aug-22,4326,154
Mallorie Waber,Australia,Eclairs,22-Aug-22,9527,222
Marney O'Breen,India,99% Dark & Pure,22-Jul-22,10766,157
Husein Augar,USA,Fruit & Nut Bars,28-Apr-22,1288,27
Kelci Walkden,Australia,Almond Choco,30-May-22,4879,350
Ches Bonnell,USA,Milk Bars,21-Jul-22,2408,157
Jan Morforth,UK,Caramel Stuffed Bars,2-Aug-22,3094,468
Brien Boise,New Zealand,70% Dark Bites,15-Jun-22,7231,130
Oby Sorrel,India,85% Dark Bars,5-Jul-22,8981,130
Kaine Padly,New Zealand,Smooth Sliky Salty,12-Apr-22,7,518
Gigi Bohling,Australia,70% Dark Bites,18-Aug-22,1372,105
Jan Morforth,UK,50% Dark Bites,12-Jan-22,5250,293
Gunar Cockshoot,Canada,White Choc,11-Aug-22,7560,15
Jehu Rudeforth,Australia,Spicy Special Slims,13-Jan-22,5012,384
Husein Augar,UK,Baker's Choco Chips,29-Apr-22,3038,135
Rafaelita Blaksland,New Zealand,After Nines,7-Jul-22,1099,92
Madelene Upcott,New Zealand,Mint Chip Choco,11-Mar-22,7413,4
Madelene Upcott,UK,70% Dark Bites,16-Feb-22,5397,239
Barr Faughny,Australia,Organic Choco Syrup,7-Jan-22,2303,33
Beverie Moffet,New Zealand,Drinking Coco,12-Jan-22,1141,518
Beverie Moffet,India,Eclairs,9-Jun-22,10325,147
Andria Kimpton,India,Eclairs,16-May-22,2149,84
Gigi Bohling,UK,85% Dark Bars,23-Jun-22,12362,94
Roddy Speechley,UK,Raspberry Choco,28-Jan-22,12635,194
Dotty Strutley,UK,Mint Chip Choco,14-Jul-22,2443,216
Barr Faughny,Canada,Drinking Coco,18-Apr-22,6237,247
Oby Sorrel,USA,Milk Bars,14-Jun-22,1736,79
Oby Sorrel,UK,Orange Choco,15-Apr-22,7315,237
Curtice Advani,Canada,Peanut Butter Cubes,19-May-22,4935,63
Gigi Bohling,India,White Choc,13-Apr-22,1393,172
Husein Augar,Canada,Choco Coated Almonds,15-Aug-22,3381,408
Wilone O'Kielt,India,Choco Coated Almonds,22-Aug-22,2933,233
Wilone O'Kielt,New Zealand,Baker's Choco Chips,22-Apr-22,3836,59
Kaine Padly,UK,Choco Coated Almonds,3-Aug-22,8022,123
Dennison Crosswaite,New Zealand,Organic Choco Syrup,4-Jan-22,371,229
Kelci Walkden,Canada,After Nines,13-Jan-22,16702,198
Van Tuxwell,Australia,Baker's Choco Chips,11-May-22,13258,32
Husein Augar,New Zealand,Peanut Butter Cubes,16-Feb-22,2058,236
Kaine Padly,UK,Caramel Stuffed Bars,20-May-22,10192,67
Jehu Rudeforth,UK,Drinking Coco,3-Feb-22,7140,438
Beverie Moffet,India,Manuka Honey Choco,6-May-22,9835,167
Gunar Cockshoot,UK,Choco Coated Almonds,30-Jun-22,5775,135
Gunar Cockshoot,UK,Smooth Sliky Salty,22-Mar-22,749,148
Camilla Castle,Canada,Orange Choco,17-Feb-22,7770,54
Jehu Rudeforth,UK,85% Dark Bars,7-Jul-22,5502,64
Oby Sorrel,UK,70% Dark Bites,16-Mar-22,6223,181
Kelci Walkden,UK,99% Dark & Pure,12-Aug-22,3507,114
Gigi Bohling,New Zealand,After Nines,21-Jan-22,5600,181
Oby Sorrel,Australia,50% Dark Bites,6-May-22,721,151
Oby Sorrel,Canada,50% Dark Bites,24-Jun-22,6615,137
Barr Faughny,USA,White Choc,5-May-22,7420,163
Rafaelita Blaksland,New Zealand,99% Dark & Pure,25-Mar-22,3164,84
Curtice Advani,Australia,Caramel Stuffed Bars,14-Feb-22,9114,140
Curtice Advani,New Zealand,85% Dark Bars,12-May-22,5404,187
Barr Faughny,New Zealand,Smooth Sliky Salty,25-Jan-22,3990,169
Ches Bonnell,UK,85% Dark Bars,28-Jun-22,14924,12
Dennison Crosswaite,Australia,Drinking Coco,13-Jul-22,7091,194
Roddy Speechley,USA,Milk Bars,16-May-22,2807,252
Jan Morforth,India,After Nines,14-Mar-22,6496,168
Gunar Cockshoot,USA,After Nines,15-Aug-22,3738,261
Ches Bonnell,India,Orange Choco,16-Feb-22,1190,256
Mallorie Waber,UK,Manuka Honey Choco,15-Jun-22,8379,43
Barr Faughny,Australia,Raspberry Choco,27-May-22,9268,100
Wilone O'Kielt,USA,Drinking Coco,14-Jun-22,1029,98
Wilone O'Kielt,India,Eclairs,25-Feb-22,3549,76
Wilone O'Kielt,India,After Nines,4-Aug-22,12026,262
Kelci Walkden,India,99% Dark & Pure,28-Jun-22,2303,244
Gunar Cockshoot,Canada,Spicy Special Slims,5-Apr-22,13405,12
Madelene Upcott,Canada,Peanut Butter Cubes,5-Jul-22,14763,113
Kaine Padly,New Zealand,Eclairs,20-Jan-22,12894,48
Ches Bonnell,New Zealand,Drinking Coco,16-Feb-22,8302,131
Curtice Advani,UK,Drinking Coco,12-Jul-22,455,174
Kelci Walkden,India,Raspberry Choco,16-Jun-22,8183,254
Dotty Strutley,Australia,Choco Coated Almonds,13-Apr-22,1645,284
Kaine Padly,UK,50% Dark Bites,21-Feb-22,3143,67
Roddy Speechley,Canada,Choco Coated Almonds,11-May-22,5873,249
Ches Bonnell,India,50% Dark Bites,15-Apr-22,11298,313
Oby Sorrel,Canada,Peanut Butter Cubes,7-Jun-22,12425,167
Oby Sorrel,UK,White Choc,27-Jun-22,1715,286
Barr Faughny,India,After Nines,29-Jul-22,8190,109
Wilone O'Kielt,Canada,Smooth Sliky Salty,2-Jun-22,4991,166
Rafaelita Blaksland,India,Mint Chip Choco,26-Jan-22,15491,85
Rafaelita Blaksland,Canada,99% Dark & Pure,2-Mar-22,5096,142
Van Tuxwell,Australia,70% Dark Bites,10-Jan-22,7063,104
Beverie Moffet,USA,70% Dark Bites,27-Jun-22,2275,115
Barr Faughny,Canada,Orange Choco,30-Jun-22,7602,18
Roddy Speechley,Australia,85% Dark Bars,8-Jul-22,4200,80
Oby Sorrel,India,Spicy Special Slims,8-Jun-22,11137,88
Jan Morforth,UK,Manuka Honey Choco,18-Aug-22,3388,212
Kaine Padly,Australia,After Nines,8-Apr-22,6832,306
Wilone O'Kielt,Canada,Fruit & Nut Bars,8-Aug-22,3437,181
Wilone O'Kielt,UK,Milk Bars,26-Aug-22,301,65
Oby Sorrel,Canada,Fruit & Nut Bars,14-Jan-22,1869,158
Dennison Crosswaite,USA,Baker's Choco Chips,11-Aug-22,17465,271
Madelene Upcott,USA,Almond Choco,31-May-22,10143,24
Van Tuxwell,New Zealand,50% Dark Bites,11-Jul-22,3626,10
Karlen McCaffrey,Canada,Caramel Stuffed Bars,2-Mar-22,3346,304
Madelene Upcott,Australia,Raspberry Choco,13-Jul-22,6321,88
Rafaelita Blaksland,UK,Spicy Special Slims,3-Aug-22,9345,133
Curtice Advani,UK,Peanut Butter Cubes,1-Mar-22,15008,165
Kelci Walkden,New Zealand,White Choc,13-Apr-22,7609,150
Beverie Moffet,Canada,Fruit & Nut Bars,14-Feb-22,10332,180
Mallorie Waber,India,White Choc,26-Jul-22,819,213
Brien Boise,UK,Drinking Coco,27-Jan-22,5754,133
Jehu Rudeforth,India,Peanut Butter Cubes,14-Apr-22,28,446
Oby Sorrel,USA,Almond Choco,19-May-22,6440,141
Husein Augar,India,Eclairs,9-Feb-22,4956,58
Brien Boise,UK,Spicy Special Slims,25-May-22,2352,58
Oby Sorrel,Australia,Manuka Honey Choco,26-Jan-22,3906,76
Beverie Moffet,India,White Choc,4-Jul-22,1813,296
Ches Bonnell,India,Almond Choco,13-Apr-22,11788,73
Gigi Bohling,Australia,Smooth Sliky Salty,25-Jan-22,5768,119
Camilla Castle,USA,85% Dark Bars,25-Apr-22,2401,78
Camilla Castle,USA,Eclairs,10-Jun-22,4515,392
Madelene Upcott,New Zealand,White Choc,22-Aug-22,10794,51
Van Tuxwell,India,After Nines,27-Jun-22,13706,207
Husein Augar,India,Orange Choco,30-Jun-22,4361,40
Jehu Rudeforth,India,Almond Choco,30-Aug-22,10122,100
Karlen McCaffrey,Australia,Raspberry Choco,23-Aug-22,994,57
Camilla Castle,New Zealand,99% Dark & Pure,26-Aug-22,2268,42
Gigi Bohling,Australia,Orange Choco,9-Mar-22,574,156
Kelci Walkden,UK,Drinking Coco,20-Apr-22,1792,23
Mallorie Waber,Canada,Caramel Stuffed Bars,10-Jun-22,4844,539
Husein Augar,Australia,Organic Choco Syrup,8-Feb-22,938,158
Brien Boise,Australia,White Choc,25-Aug-22,4879,22
Dotty Strutley,India,Peanut Butter Cubes,16-Feb-22,9107,73
Dennison Crosswaite,UK,99% Dark & Pure,30-May-22,12187,27
Gigi Bohling,New Zealand,50% Dark Bites,29-Jun-22,5670,64
Gigi Bohling,USA,Milk Bars,16-Jun-22,476,133
Brien Boise,UK,Caramel Stuffed Bars,4-Mar-22,2681,149
Curtice Advani,New Zealand,Peanut Butter Cubes,15-Mar-22,1533,434
Curtice Advani,New Zealand,50% Dark Bites,27-Jan-22,9765,85
Beverie Moffet,Canada,Drinking Coco,5-Jul-22,994,118
Barr Faughny,USA,Caramel Stuffed Bars,29-Mar-22,3318,299
Mallorie Waber,Canada,Almond Choco,12-May-22,4214,35
Oby Sorrel,USA,Drinking Coco,11-Mar-22,7714,44
Brien Boise,New Zealand,Eclairs,11-Jul-22,4690,299
Gunar Cockshoot,New Zealand,Choco Coated Almonds,1-Aug-22,13062,62
Gunar Cockshoot,UK,Spicy Special Slims,16-Feb-22,12488,200
Curtice Advani,USA,After Nines,13-Apr-22,14147,235
Oby Sorrel,India,Choco Coated Almonds,14-Feb-22,49,363
Ches Bonnell,Australia,Peanut Butter Cubes,14-Mar-22,10199,68
Oby Sorrel,Australia,Spicy Special Slims,26-Apr-22,11389,26
Jehu Rudeforth,Canada,Manuka Honey Choco,5-Apr-22,3584,200
Camilla Castle,Canada,Drinking Coco,3-Mar-22,12481,264
Kaine Padly,USA,Spicy Special Slims,13-Jun-22,2107,175
Marney O'Breen,New Zealand,70% Dark Bites,14-Feb-22,8603,352
Roddy Speechley,New Zealand,99% Dark & Pure,18-Apr-22,7483,183
Oby Sorrel,New Zealand,85% Dark Bars,1-Feb-22,3381,417
Dotty Strutley,New Zealand,Orange Choco,4-Aug-22,2030,146
Andria Kimpton,New Zealand,Almond Choco,5-Apr-22,6559,158
Karlen McCaffrey,Australia,99% Dark & Pure,26-Jan-22,10822,168
Kaine Padly,UK,After Nines,21-Jan-22,18697,176
Kaine Padly,Canada,After Nines,22-Aug-22,5845,172
Kaine Padly,UK,Drinking Coco,27-Jan-22,2317,224
Rafaelita Blaksland,UK,50% Dark Bites,16-Feb-22,10150,68
Dotty Strutley,USA,Raspberry Choco,3-Jan-22,3437,46
Karlen McCaffrey,USA,White Choc,24-Aug-22,4592,2
Oby Sorrel,USA,Spicy Special Slims,7-Feb-22,5691,417
Mallorie Waber,Australia,Smooth Sliky Salty,11-Feb-22,4158,109
Kaine Padly,Canada,Organic Choco Syrup,29-Mar-22,5684,81
Marney O'Breen,USA,Peanut Butter Cubes,15-Jun-22,693,350
Dennison Crosswaite,UK,Smooth Sliky Salty,26-Apr-22,546,142
Brien Boise,Australia,Organic Choco Syrup,15-Jul-22,4263,264
Beverie Moffet,India,Organic Choco Syrup,23-Jun-22,1036,20
Dennison Crosswaite,Australia,Baker's Choco Chips,11-Jan-22,13846,421
Beverie Moffet,UK,50% Dark Bites,9-Feb-22,2499,271
Van Tuxwell,UK,Almond Choco,6-Jun-22,10689,204
Dotty Strutley,UK,Caramel Stuffed Bars,10-Aug-22,5768,235
Wilone O'Kielt,Australia,Smooth Sliky Salty,4-Jan-22,2226,46
Andria Kimpton,Canada,70% Dark Bites,8-Apr-22,10262,15
Barr Faughny,UK,Milk Bars,2-Mar-22,3864,430
Van Tuxwell,Canada,Drinking Coco,15-Jun-22,4900,709
Jehu Rudeforth,Australia,After Nines,14-Feb-22,5250,47
Husein Augar,UK,After Nines,5-Jul-22,3507,380
Barr Faughny,India,Mint Chip Choco,12-Jan-22,7413,465
Curtice Advani,India,Mint Chip Choco,3-Mar-22,8155,96
Jehu Rudeforth,New Zealand,Milk Bars,18-May-22,2478,188
Gunar Cockshoot,India,Caramel Stuffed Bars,28-Jul-22,2471,202
Curtice Advani,UK,Manuka Honey Choco,7-Feb-22,1666,106
Andria Kimpton,India,Orange Choco,30-May-22,301,421
Mallorie Waber,Australia,Raspberry Choco,25-Apr-22,8400,27
Beverie Moffet,Canada,85% Dark Bars,16-Feb-22,6139,45
Kelci Walkden,Australia,Drinking Coco,4-May-22,1288,60
Van Tuxwell,Canada,70% Dark Bites,2-Jun-22,7077,77
Dennison Crosswaite,USA,Caramel Stuffed Bars,11-Jul-22,2317,464
Beverie Moffet,New Zealand,Spicy Special Slims,7-Jun-22,63,60
Jan Morforth,UK,Almond Choco,6-Jul-22,9744,157
Husein Augar,India,Raspberry Choco,15-Jun-22,9954,154
Dotty Strutley,India,Mint Chip Choco,14-Apr-22,1260,239
Camilla Castle,India,Drinking Coco,8-Aug-22,469,163
Marney O'Breen,UK,Drinking Coco,29-Mar-22,973,28
Roddy Speechley,Australia,Organic Choco Syrup,4-Jul-22,3647,76
Ches Bonnell,India,99% Dark & Pure,16-Feb-22,455,96
Rafaelita Blaksland,Canada,Spicy Special Slims,2-May-22,2520,156
Van Tuxwell,India,Eclairs,21-Jul-22,10500,106
Gunar Cockshoot,Australia,99% Dark & Pure,18-Aug-22,7952,235
Kaine Padly,USA,85% Dark Bars,22-Jun-22,483,259
Camilla Castle,UK,Peanut Butter Cubes,19-Jul-22,4872,126
Madelene Upcott,UK,Peanut Butter Cubes,12-Aug-22,7756,85
Madelene Upcott,USA,Choco Coated Almonds,7-Jun-22,5446,132
Marney O'Breen,Canada,Peanut Butter Cubes,8-Mar-22,6594,91
Ches Bonnell,Australia,Choco Coated Almonds,8-Apr-22,1470,167
Curtice Advani,Canada,Eclairs,6-May-22,721,203
Roddy Speechley,India,Drinking Coco,31-May-22,4494,11
Van Tuxwell,Australia,Mint Chip Choco,13-Jan-22,2674,295
Dennison Crosswaite,USA,70% Dark Bites,15-Mar-22,658,77
Andria Kimpton,Canada,Peanut Butter Cubes,16-Feb-22,1127,319
Gigi Bohling,USA,70% Dark Bites,14-Jan-22,7364,196
Rafaelita Blaksland,Australia,White Choc,21-Mar-22,6818,102
Roddy Speechley,Canada,Drinking Coco,17-May-22,6776,312
Camilla Castle,New Zealand,85% Dark Bars,8-Aug-22,15099,55
Madelene Upcott,Canada,Milk Bars,26-Apr-22,3612,82
Madelene Upcott,Australia,70% Dark Bites,15-Apr-22,3710,260
Oby Sorrel,Canada,Eclairs,19-May-22,6111,591
Dennison Crosswaite,Canada,Drinking Coco,10-Jan-22,2702,24
Mallorie Waber,New Zealand,After Nines,4-May-22,483,228
Roddy Speechley,Canada,White Choc,5-Apr-22,5887,268
Andria Kimpton,India,After Nines,17-Jan-22,952,68
Roddy Speechley,India,Spicy Special Slims,22-Mar-22,10647,173
Dotty Strutley,Australia,White Choc,5-Jul-22,6055,93
Oby Sorrel,Canada,Orange Choco,27-Apr-22,8757,338
Kaine Padly,Canada,Almond Choco,12-Aug-22,6055,73
Jan Morforth,UK,Baker's Choco Chips,11-Mar-22,721,251
Jehu Rudeforth,UK,Fruit & Nut Bars,13-May-22,8589,229
Dennison Crosswaite,USA,Smooth Sliky Salty,12-May-22,11781,91
Brien Boise,USA,Raspberry Choco,12-Jan-22,672,194
Madelene Upcott,New Zealand,Milk Bars,29-Mar-22,12558,403
Roddy Speechley,India,50% Dark Bites,14-Mar-22,8337,12
Barr Faughny,New Zealand,99% Dark & Pure,24-May-22,8134,195
Dennison Crosswaite,Canada,Organic Choco Syrup,28-Jan-22,8491,75
Beverie Moffet,India,Almond Choco,24-May-22,3066,96
Brien Boise,Australia,Peanut Butter Cubes,19-Aug-22,301,205
Karlen McCaffrey,Australia,Spicy Special Slims,17-May-22,4410,323
Jehu Rudeforth,USA,White Choc,7-Jun-22,6559,119
Ches Bonnell,Canada,Organic Choco Syrup,26-Jul-22,574,217
Dotty Strutley,India,Eclairs,28-Jul-22,2086,384
Karlen McCaffrey,India,70% Dark Bites,23-May-22,5075,344
